{"cameraMode":{"drawMode":0,"name":"Shaded","section":"Shading Mode"},"sceneLighting":true,"audioPlay":false,"sceneViewState":{"m_AlwaysRefresh":false,"showFog":true,"showSkybox":true,"showFlares":true,"showImageEffects":true,"showParticleSystems":true,"showVisualEffectGraphs":true,"m_FxEnabled":true},"in2DMode":false,"pivot":{"x":1.7846698760986329,"y":13.451810836791993,"z":5.2230353355407719},"rotation":{"x":-0.03958360105752945,"y":-0.6958125829696655,"z":0.038446709513664249,"w":-0.7161179780960083},"size":35.60784912109375,"orthographic":false}