{"cameraMode":{"drawMode":0,"name":"Shaded","section":"Shading Mode"},"sceneLighting":true,"audioPlay":false,"sceneViewState":{"m_AlwaysRefresh":false,"showFog":false,"showSkybox":false,"showFlares":false,"showImageEffects":true,"showParticleSystems":true,"showVisualEffectGraphs":true,"m_FxEnabled":false},"in2DMode":false,"pivot":{"x":256.7589416503906,"y":166.7528839111328,"z":-118.93411254882813},"rotation":{"x":-0.13935312628746034,"y":0.005047518759965897,"z":-0.0007105090189725161,"w":-0.9902319312095642},"size":98.51467895507813,"orthographic":false}