{"cameraMode":{"drawMode":0,"name":"Shaded","section":"Shading Mode"},"sceneLighting":true,"audioPlay":false,"sceneViewState":{"m_AlwaysRefresh":false,"showFog":false,"showSkybox":false,"showFlares":false,"showImageEffects":true,"showParticleSystems":true,"showVisualEffectGraphs":true,"m_FxEnabled":false},"in2DMode":false,"pivot":{"x":-0.3546086549758911,"y":1.0000988245010377,"z":0.20975470542907716},"rotation":{"x":-0.08965890854597092,"y":0.8580272793769836,"z":-0.16040201485157014,"w":-0.4796060621738434},"size":10.125153541564942,"orthographic":false}